<featureType>
  <id>FeatureTypeInfoImpl--5a459671:16686143bce:-7f8e</id>
  <name>TPC</name>
  <nativeName>PRSaintRomainTPC</nativeName>
  <namespace>
    <id>NamespaceInfoImpl--5a459671:16686143bce:-7ffb</id>
  </namespace>
  <title>TPC</title>
  <keywords>
    <string>features</string>
    <string>PRSaintRomainTPC</string>
  </keywords>
  <nativeCRS class="projected">PROJCS[&quot;RGF93_Lambert_93&quot;, 
  GEOGCS[&quot;GCS_RGF93&quot;, 
    DATUM[&quot;D_Reseau Geodesique Francais 1993&quot;, 
      SPHEROID[&quot;GRS_1980&quot;, 6378137.0, 298.257222101]], 
    PRIMEM[&quot;Greenwich&quot;, 0.0], 
    UNIT[&quot;degree&quot;, 0.017453292519943295], 
    AXIS[&quot;Longitude&quot;, EAST], 
    AXIS[&quot;Latitude&quot;, NORTH]], 
  PROJECTION[&quot;Lambert_Conformal_Conic&quot;], 
  PARAMETER[&quot;central_meridian&quot;, 3.0], 
  PARAMETER[&quot;latitude_of_origin&quot;, 46.50000000000001], 
  PARAMETER[&quot;standard_parallel_1&quot;, 48.99999999999999], 
  PARAMETER[&quot;false_easting&quot;, 700000.0], 
  PARAMETER[&quot;false_northing&quot;, 6600000.0], 
  PARAMETER[&quot;scale_factor&quot;, 1.0], 
  PARAMETER[&quot;standard_parallel_2&quot;, 44.0], 
  UNIT[&quot;m&quot;, 1.0], 
  AXIS[&quot;x&quot;, EAST], 
  AXIS[&quot;y&quot;, NORTH]]</nativeCRS>
  <srs>EPSG:2154</srs>
  <nativeBoundingBox>
    <minx>530033.3318002563</minx>
    <maxx>613907.5430646571</maxx>
    <miny>6688994.997292891</miny>
    <maxy>6694265.178392884</maxy>
    <crs class="projected">PROJCS[&quot;RGF93_Lambert_93&quot;, 
  GEOGCS[&quot;GCS_RGF93&quot;, 
    DATUM[&quot;D_Reseau Geodesique Francais 1993&quot;, 
      SPHEROID[&quot;GRS_1980&quot;, 6378137.0, 298.257222101]], 
    PRIMEM[&quot;Greenwich&quot;, 0.0], 
    UNIT[&quot;degree&quot;, 0.017453292519943295], 
    AXIS[&quot;Longitude&quot;, EAST], 
    AXIS[&quot;Latitude&quot;, NORTH]], 
  PROJECTION[&quot;Lambert_Conformal_Conic&quot;], 
  PARAMETER[&quot;central_meridian&quot;, 3.0], 
  PARAMETER[&quot;latitude_of_origin&quot;, 46.50000000000001], 
  PARAMETER[&quot;standard_parallel_1&quot;, 48.99999999999999], 
  PARAMETER[&quot;false_easting&quot;, 700000.0], 
  PARAMETER[&quot;false_northing&quot;, 6600000.0], 
  PARAMETER[&quot;scale_factor&quot;, 1.0], 
  PARAMETER[&quot;standard_parallel_2&quot;, 44.0], 
  UNIT[&quot;m&quot;, 1.0], 
  AXIS[&quot;x&quot;, EAST], 
  AXIS[&quot;y&quot;, NORTH]]</crs>
  </nativeBoundingBox>
  <latLonBoundingBox>
    <minx>0.749274969283924</minx>
    <maxx>1.8607277714141812</maxx>
    <miny>47.27948553559721</miny>
    <maxy>47.343122435097115</maxy>
    <crs>EPSG:4326</crs>
  </latLonBoundingBox>
  <projectionPolicy>FORCE_DECLARED</projectionPolicy>
  <enabled>true</enabled>
  <metadata>
    <entry key="cachingEnabled">false</entry>
  </metadata>
  <store class="dataStore">
    <id>DataStoreInfoImpl--5a459671:16686143bce:-7f94</id>
  </store>
  <maxFeatures>0</maxFeatures>
  <numDecimals>0</numDecimals>
  <overridingServiceSRS>false</overridingServiceSRS>
  <skipNumberMatched>false</skipNumberMatched>
  <circularArcPresent>false</circularArcPresent>
</featureType>