<featureType>
  <id>FeatureTypeInfoImpl--5a459671:16686143bce:-7ff5</id>
  <name>OUVRAGES_ART</name>
  <nativeName>OUVRAGES_ART</nativeName>
  <namespace>
    <id>NamespaceInfoImpl--5a459671:16686143bce:-7ffb</id>
  </namespace>
  <title>OUVRAGES_ART</title>
  <keywords>
    <string>features</string>
    <string>OUVRAGES_ART</string>
  </keywords>
  <nativeCRS class="projected">PROJCS[&quot;RGF93 / Lambert-93&quot;, 
  GEOGCS[&quot;RGF93&quot;, 
    DATUM[&quot;Reseau Geodesique Francais 1993&quot;, 
      SPHEROID[&quot;GRS 1980&quot;, 6378137.0, 298.257222101, AUTHORITY[&quot;EPSG&quot;,&quot;7019&quot;]], 
      TOWGS84[0.0, 0.0, 0.0, 0.0, 0.0, 0.0, 0.0], 
      AUTHORITY[&quot;EPSG&quot;,&quot;6171&quot;]], 
    PRIMEM[&quot;Greenwich&quot;, 0.0, AUTHORITY[&quot;EPSG&quot;,&quot;8901&quot;]], 
    UNIT[&quot;degree&quot;, 0.017453292519943295], 
    AXIS[&quot;Geodetic longitude&quot;, EAST], 
    AXIS[&quot;Geodetic latitude&quot;, NORTH], 
    AUTHORITY[&quot;EPSG&quot;,&quot;4171&quot;]], 
  PROJECTION[&quot;Lambert_Conformal_Conic_2SP&quot;, AUTHORITY[&quot;EPSG&quot;,&quot;9802&quot;]], 
  PARAMETER[&quot;central_meridian&quot;, 3.0], 
  PARAMETER[&quot;latitude_of_origin&quot;, 46.50000000000001], 
  PARAMETER[&quot;standard_parallel_1&quot;, 48.99999999999999], 
  PARAMETER[&quot;false_easting&quot;, 700000.0], 
  PARAMETER[&quot;false_northing&quot;, 6600000.0], 
  PARAMETER[&quot;scale_factor&quot;, 1.0], 
  PARAMETER[&quot;standard_parallel_2&quot;, 44.0], 
  UNIT[&quot;m&quot;, 1.0], 
  AXIS[&quot;Easting&quot;, EAST], 
  AXIS[&quot;Northing&quot;, NORTH], 
  AUTHORITY[&quot;EPSG&quot;,&quot;2154&quot;]]</nativeCRS>
  <srs>EPSG:2154</srs>
  <nativeBoundingBox>
    <minx>394799.5625</minx>
    <maxx>435479.1875</maxx>
    <miny>6655450.0</miny>
    <maxy>6706361.5</maxy>
    <crs class="projected">EPSG:2154</crs>
  </nativeBoundingBox>
  <latLonBoundingBox>
    <minx>-1.0472781380937164</minx>
    <maxx>-0.4788560548885446</maxx>
    <miny>46.92943142082512</miny>
    <maxy>47.404698503852615</maxy>
    <crs>EPSG:4326</crs>
  </latLonBoundingBox>
  <projectionPolicy>FORCE_DECLARED</projectionPolicy>
  <enabled>true</enabled>
  <metadata>
    <entry key="cachingEnabled">false</entry>
  </metadata>
  <store class="dataStore">
    <id>DataStoreInfoImpl--5a459671:16686143bce:-7ffa</id>
  </store>
  <maxFeatures>0</maxFeatures>
  <numDecimals>0</numDecimals>
  <overridingServiceSRS>false</overridingServiceSRS>
  <skipNumberMatched>false</skipNumberMatched>
  <circularArcPresent>false</circularArcPresent>
</featureType>