<dataStore>
  <id>DataStoreInfoImpl--5a459671:16686143bce:-7ffa</id>
  <name>lot05-Compose for PostgreSQL</name>
  <type>PostGIS</type>
  <enabled>true</enabled>
  <workspace>
    <id>WorkspaceInfoImpl--5a459671:16686143bce:-7ffc</id>
  </workspace>
  <connectionParameters>
    <entry key="Evictor run periodicity">300</entry>
    <entry key="Max open prepared statements">50</entry>
    <entry key="encode functions">true</entry>
    <entry key="Batch insert size">1</entry>
    <entry key="preparedStatements">false</entry>
    <entry key="database">lot05Geo</entry>
    <entry key="host">sl-eu-de-1-portal.9.dblayer.com</entry>
    <entry key="Loose bbox">true</entry>
    <entry key="Estimated extends">true</entry>
    <entry key="fetch size">1000</entry>
    <entry key="Expose primary keys">false</entry>
    <entry key="validate connections">true</entry>
    <entry key="Support on the fly geometry simplification">true</entry>
    <entry key="Connection timeout">20</entry>
    <entry key="create database">false</entry>
    <entry key="port">17091</entry>
    <entry key="passwd">crypt1:pDnNdPQINnLN/r0jC+GZcxzb/ZKT3MLNZVlX+qw8JbA=</entry>
    <entry key="min connections">1</entry>
    <entry key="dbtype">postgis</entry>
    <entry key="namespace">uri://sixense</entry>
    <entry key="max connections">10</entry>
    <entry key="Evictor tests per run">3</entry>
    <entry key="Test while idle">true</entry>
    <entry key="user">admin</entry>
    <entry key="Max connection idle time">300</entry>
  </connectionParameters>
  <__default>false</__default>
</dataStore>